{"app":["/app-62e295cab367fad1340f.js"],"component---node-modules-gatsby-plugin-offline-app-shell-js":["/component---node-modules-gatsby-plugin-offline-app-shell-js-a7388efdc62430243a75.js"],"component---src-pages-index-js":["/component---src-pages-index-js-216320a2a836b94dffea.js"],"component---src-pages-404-js":["/component---src-pages-404-js-c74af516635687ecbfc8.js"],"component---src-pages-distance-js":["/component---src-pages-distance-js-5319a0f0528261816256.js"],"component---src-pages-pulse-js":["/component---src-pages-pulse-js-e8225b136c69478ac3f4.js"],"component---src-pages-speed-js":["/component---src-pages-speed-js-1e282b4d55d898bb7fec.js"]}