{"errors":[],"warnings":[],"namedChunkGroups":{"app":{"chunks":[9,1,0,2],"assets":["webpack-runtime-e538146753ab5366a0e5.js","webpack-runtime-e538146753ab5366a0e5.js.map","styles.040aff34ada554c98542.css","styles-90c2159587bfdc61152a.js","styles-90c2159587bfdc61152a.js.map","commons-732baeafbd08e7a8d4ef.js","commons-732baeafbd08e7a8d4ef.js.map","app-62e295cab367fad1340f.js","app-62e295cab367fad1340f.js.map"],"children":{},"childAssets":{}},"component---node-modules-gatsby-plugin-offline-app-shell-js":{"chunks":[3],"assets":["component---node-modules-gatsby-plugin-offline-app-shell-js-a7388efdc62430243a75.js","component---node-modules-gatsby-plugin-offline-app-shell-js-a7388efdc62430243a75.js.map"],"children":{},"childAssets":{}},"component---src-pages-index-js":{"chunks":[1,0,6],"assets":["styles.040aff34ada554c98542.css","styles-90c2159587bfdc61152a.js","styles-90c2159587bfdc61152a.js.map","commons-732baeafbd08e7a8d4ef.js","commons-732baeafbd08e7a8d4ef.js.map","component---src-pages-index-js-216320a2a836b94dffea.js","component---src-pages-index-js-216320a2a836b94dffea.js.map"],"children":{},"childAssets":{}},"component---src-pages-404-js":{"chunks":[1,0,4],"assets":["styles.040aff34ada554c98542.css","styles-90c2159587bfdc61152a.js","styles-90c2159587bfdc61152a.js.map","commons-732baeafbd08e7a8d4ef.js","commons-732baeafbd08e7a8d4ef.js.map","component---src-pages-404-js-c74af516635687ecbfc8.js","component---src-pages-404-js-c74af516635687ecbfc8.js.map"],"children":{},"childAssets":{}},"component---src-pages-distance-js":{"chunks":[1,0,5],"assets":["styles.040aff34ada554c98542.css","styles-90c2159587bfdc61152a.js","styles-90c2159587bfdc61152a.js.map","commons-732baeafbd08e7a8d4ef.js","commons-732baeafbd08e7a8d4ef.js.map","component---src-pages-distance-js-5319a0f0528261816256.js","component---src-pages-distance-js-5319a0f0528261816256.js.map"],"children":{},"childAssets":{}},"component---src-pages-pulse-js":{"chunks":[1,0,7],"assets":["styles.040aff34ada554c98542.css","styles-90c2159587bfdc61152a.js","styles-90c2159587bfdc61152a.js.map","commons-732baeafbd08e7a8d4ef.js","commons-732baeafbd08e7a8d4ef.js.map","component---src-pages-pulse-js-e8225b136c69478ac3f4.js","component---src-pages-pulse-js-e8225b136c69478ac3f4.js.map"],"children":{},"childAssets":{}},"component---src-pages-speed-js":{"chunks":[1,0,8],"assets":["styles.040aff34ada554c98542.css","styles-90c2159587bfdc61152a.js","styles-90c2159587bfdc61152a.js.map","commons-732baeafbd08e7a8d4ef.js","commons-732baeafbd08e7a8d4ef.js.map","component---src-pages-speed-js-1e282b4d55d898bb7fec.js","component---src-pages-speed-js-1e282b4d55d898bb7fec.js.map"],"children":{},"childAssets":{}}},"assetsByChunkName":{"app":["webpack-runtime-e538146753ab5366a0e5.js","styles.040aff34ada554c98542.css","styles-90c2159587bfdc61152a.js","commons-732baeafbd08e7a8d4ef.js","app-62e295cab367fad1340f.js"],"component---node-modules-gatsby-plugin-offline-app-shell-js":["component---node-modules-gatsby-plugin-offline-app-shell-js-a7388efdc62430243a75.js"],"component---src-pages-index-js":["styles.040aff34ada554c98542.css","styles-90c2159587bfdc61152a.js","commons-732baeafbd08e7a8d4ef.js","component---src-pages-index-js-216320a2a836b94dffea.js"],"component---src-pages-404-js":["styles.040aff34ada554c98542.css","styles-90c2159587bfdc61152a.js","commons-732baeafbd08e7a8d4ef.js","component---src-pages-404-js-c74af516635687ecbfc8.js"],"component---src-pages-distance-js":["styles.040aff34ada554c98542.css","styles-90c2159587bfdc61152a.js","commons-732baeafbd08e7a8d4ef.js","component---src-pages-distance-js-5319a0f0528261816256.js"],"component---src-pages-pulse-js":["styles.040aff34ada554c98542.css","styles-90c2159587bfdc61152a.js","commons-732baeafbd08e7a8d4ef.js","component---src-pages-pulse-js-e8225b136c69478ac3f4.js"],"component---src-pages-speed-js":["styles.040aff34ada554c98542.css","styles-90c2159587bfdc61152a.js","commons-732baeafbd08e7a8d4ef.js","component---src-pages-speed-js-1e282b4d55d898bb7fec.js"]}}